period,count,mean,median
2023-11,54,22.046604499984454,19.558925792956984
2023-12,48,19.937049613857244,16.06782655538916
2023-10,53,18.66981525903346,15.294692335442619
