period,n_customers,mean_abs_gap,median_abs_gap,std_abs_gap
2023-10,53,40.688013826004735,39.60961006354728,29.466887631128994
2023-11,54,34.86936544516368,26.88187857628452,32.065380114472646
2023-12,48,31.541797558931062,23.040145951271143,32.09050477098551
