{
  "MAE_points": 34.51332119530714,
  "RMSE_points": 43.370687831741115,
  "Mean_abs_gap": 34.51332119530714,
  "Pct_within_20": 0.35,
  "Pct_within_40": 0.6583333333333333,
  "Pct_within_60": 0.8458333333333333,
  "n_train": 960,
  "n_test": 240
}