,MAE_points,RMSE_points,Mean_abs_gap,Pct_within_20,Pct_within_40,Pct_within_60,n_train,n_test,n_features,segment,n_customers
thin_file,59.81163414402535,74.67911255319193,59.81163414402535,23.52941176470588,41.17647058823529,61.1764705882353,340,85,35,thin_file,425
thick_file,63.104346236228714,76.47747754331677,63.104346236228714,20.0,33.5483870967742,50.32258064516129,620,155,35,thick_file,775
high_utilization,61.71619087618798,74.05963276786508,61.71619087618798,20.0,38.333333333333336,56.666666666666664,480,120,35,high_utilization,600
low_utilization,52.68980998448889,70.27382516917636,52.68980998448889,25.833333333333336,53.333333333333336,70.0,480,120,35,low_utilization,600
without_collections,63.30100207521181,79.0233456647396,63.30100207521181,20.087336244541483,39.737991266375545,55.45851528384279,912,229,35,without_collections,1141
