,MAE_points,RMSE_points,Mean_abs_gap,Pct_within_20,Pct_within_40,Pct_within_60,n_train,n_test,n_features
behavioral_only,56.987846122442036,70.85759315883939,56.987846122442036,20.416666666666668,40.833333333333336,59.166666666666664,960.0,240.0,25.0
behavioral_plus_bureau,56.52694553473484,70.29238397175489,56.52694553473484,20.416666666666668,40.416666666666664,60.83333333333333,960.0,240.0,34.0
no_vantage4,56.52694553473486,70.29238397175489,56.52694553473486,20.416666666666668,40.416666666666664,60.83333333333333,960.0,240.0,34.0
exclude_holiday_train_test_holiday,68.53967793071621,87.61899810975635,68.53967793071621,23.655913978494624,39.784946236559136,52.68817204301075,62.0,93.0,35.0
