MAE_points,RMSE_points,Mean_abs_gap,Pct_within_20,Pct_within_40,Pct_within_60,n_train,n_test,n_features,random_seed
56.28537669355,70.18548058679308,56.28537669355,20.833333333333336,42.5,61.25000000000001,960,240,35,42
58.7415668422655,74.71843576148355,58.7415668422655,22.916666666666664,42.916666666666664,60.416666666666664,960,240,35,123
59.7003320801747,74.45362460889577,59.7003320801747,23.75,43.333333333333336,54.166666666666664,960,240,35,456
57.441486095617314,69.85157578152881,57.441486095617314,22.083333333333332,39.166666666666664,55.833333333333336,960,240,35,789
56.08622885027041,71.61629494718541,56.08622885027041,23.333333333333332,44.166666666666664,60.83333333333333,960,240,35,999
